user_id,day,login,pay
1,2,1,0
1,6,1,0
1,1,1,0
1,7,1,0
1,3,1,0
1,5,1,0
1,4,1,0
2,5,1,0
2,3,1,0
3,6,1,0
3,2,1,1
3,4,1,0
3,5,1,0
4,2,1,0
4,7,1,0
4,1,1,0
4,5,1,0
4,6,1,1
4,4,1,0
5,7,1,0
5,4,1,0
6,5,1,0
6,7,1,0
6,2,1,0
6,4,1,0
6,1,1,0
6,6,1,0
6,3,1,0
7,5,1,0
7,3,1,0
8,6,1,0
8,3,1,0
8,7,1,0
8,4,1,0
8,1,1,0
8,2,1,0
8,5,1,0
9,2,1,1
9,4,1,0
9,5,1,1
10,6,1,0
11,2,1,0
11,6,1,0
11,1,1,0
11,5,1,0
11,7,1,0
12,4,1,0
12,7,1,0
12,6,1,0
12,5,1,0
12,2,1,1
12,1,1,0
12,3,1,0
13,2,1,0
13,1,1,0
13,3,1,0
14,7,1,0
14,3,1,0
14,2,1,0
14,6,1,0
14,4,1,0
14,5,1,0
15,2,1,0
15,6,1,0
15,3,1,0
15,7,1,0
15,5,1,0
15,4,1,0
16,3,1,0
16,5,1,0
16,2,1,0
17,2,1,0
17,3,1,0
17,6,1,0
18,5,1,0
18,6,1,1
18,4,1,0
18,2,1,0
18,3,1,0
19,7,1,0
19,3,1,0
19,2,1,0
20,1,1,0
21,1,1,1
21,2,1,0
21,6,1,0
22,7,1,0
23,7,1,0
23,5,1,0
24,2,1,0
24,1,1,0
24,3,1,0
24,7,1,0
24,6,1,0
24,5,1,0
25,7,1,0
25,6,1,1
25,5,1,1
25,2,1,0
26,6,1,0
26,5,1,0
26,1,1,0
26,4,1,0
26,3,1,0
26,7,1,0
27,6,1,0
27,2,1,0
27,5,1,1
28,4,1,0
28,1,1,0
28,2,1,0
28,5,1,0
28,7,1,0
29,6,1,1
29,2,1,1
29,5,1,1
30,2,1,0
30,3,1,0
30,6,1,1
31,2,1,0
31,1,1,0
31,3,1,0
31,4,1,1
32,1,1,0
32,5,1,0
33,6,1,0
33,3,1,0
34,5,1,1
34,4,1,0
34,1,1,0
34,6,1,0
34,3,1,0
35,1,1,0
35,2,1,0
35,7,1,0
35,5,1,0
35,3,1,0
35,4,1,1
36,5,1,0
36,3,1,0
36,6,1,0
36,4,1,0
36,1,1,0
36,7,1,1
37,3,1,0
37,1,1,0
37,2,1,0
37,7,1,1
37,5,1,0
37,6,1,0
37,4,1,0
38,3,1,0
38,7,1,0
38,5,1,0
39,5,1,0
40,2,1,0
41,1,1,0
41,7,1,0
41,2,1,0
41,4,1,0
41,3,1,0
42,5,1,0
42,3,1,0
42,2,1,0
42,1,1,0
42,4,1,0
42,7,1,0
43,1,1,1
43,5,1,0
43,6,1,0
43,3,1,0
43,7,1,0
44,6,1,0
44,7,1,0
44,3,1,0
44,5,1,0
44,4,1,0
44,1,1,1
44,2,1,0
45,6,1,0
46,7,1,0
46,1,1,0
47,5,1,0
47,4,1,0
48,2,1,0
48,7,1,0
48,6,1,0
48,1,1,0
48,4,1,1
49,7,1,0
49,3,1,0
49,6,1,0
49,4,1,1
50,2,1,0
50,6,1,1
50,7,1,0
50,3,1,0
50,5,1,1
50,1,1,0
51,4,1,0
51,6,1,0
51,7,1,0
51,1,1,0
52,3,1,1
53,1,1,1
53,2,1,0
54,6,1,0
54,7,1,0
55,5,1,0
55,7,1,0
56,2,1,1
56,5,1,0
56,3,1,0
56,7,1,0
56,4,1,0
57,4,1,0
57,1,1,0
57,6,1,0
57,5,1,0
57,2,1,0
57,3,1,0
58,5,1,0
58,4,1,0
58,2,1,0
58,6,1,0
58,3,1,1
58,7,1,0
58,1,1,1
59,4,1,0
59,2,1,1
59,1,1,0
59,3,1,0
59,6,1,0
60,2,1,1
60,7,1,1
60,6,1,0
60,4,1,0
60,3,1,0
60,5,1,0
60,1,1,0
61,5,1,0
61,3,1,0
61,1,1,0
61,6,1,0
62,2,1,1
62,3,1,0
62,1,1,1
62,6,1,0
62,7,1,0
63,5,1,0
63,4,1,0
64,5,1,0
65,7,1,0
65,4,1,0
65,2,1,0
66,7,1,1
66,2,1,0
66,6,1,0
66,3,1,0
66,5,1,0
66,1,1,0
67,5,1,0
68,1,1,0
69,3,1,0
69,6,1,0
69,5,1,0
70,3,1,0
70,1,1,0
70,4,1,0
70,2,1,0
70,6,1,0
70,5,1,0
70,7,1,0
71,3,1,1
71,6,1,0
71,5,1,0
71,7,1,0
71,1,1,0
71,4,1,0
71,2,1,0
72,3,1,0
73,2,1,0
73,1,1,0
73,4,1,0
73,5,1,0
73,6,1,0
73,7,1,0
74,5,1,0
75,3,1,0
75,1,1,0
75,6,1,0
76,4,1,0
76,3,1,0
76,5,1,0
76,1,1,0
77,4,1,0
77,7,1,0
77,2,1,0
77,1,1,0
77,5,1,0
77,3,1,0
77,6,1,0
78,3,1,0
78,1,1,0
78,4,1,0
78,7,1,0
78,5,1,0
78,2,1,0
78,6,1,0
79,7,1,0
79,6,1,0
79,2,1,0
80,3,1,0
80,2,1,0
80,6,1,0
80,4,1,0
81,5,1,0
81,6,1,0
81,7,1,0
81,3,1,0
81,4,1,0
81,1,1,0
82,3,1,0
83,2,1,0
83,5,1,0
83,4,1,1
83,7,1,0
83,1,1,0
83,6,1,1
84,3,1,0
84,5,1,0
84,4,1,0
84,2,1,0
84,1,1,0
84,7,1,0
84,6,1,1
85,7,1,0
85,2,1,0
85,5,1,0
85,6,1,0
86,2,1,0
86,1,1,0
86,6,1,0
87,1,1,0
87,3,1,0
88,4,1,0
89,6,1,0
89,1,1,0
89,3,1,1
89,7,1,0
90,4,1,0
90,6,1,0
90,2,1,0
90,7,1,0
91,3,1,0
91,7,1,0
92,2,1,0
92,6,1,0
92,4,1,0
92,7,1,0
92,1,1,0
92,5,1,0
93,1,1,0
93,2,1,0
93,4,1,0
93,5,1,0
93,7,1,0
93,6,1,0
93,3,1,1
94,2,1,0
95,4,1,0
95,1,1,0
95,6,1,0
95,3,1,0
95,5,1,0
95,7,1,0
96,3,1,0
96,7,1,0
96,2,1,0
96,1,1,0
96,6,1,0
97,1,1,1
97,4,1,0
97,3,1,0
98,5,1,0
99,5,1,0
99,6,1,0
99,7,1,1
99,3,1,1
99,4,1,0
99,1,1,0
99,2,1,1
100,7,1,0
100,2,1,0
100,3,1,0
100,5,1,0
100,1,1,0
100,6,1,0
101,4,1,1
101,7,1,0
101,6,1,0
101,5,1,0
101,3,1,0
102,1,1,0
102,6,1,0
102,2,1,0
103,7,1,0
104,3,1,0
105,4,1,0
105,2,1,0
105,6,1,0
105,3,1,0
106,4,1,0
106,3,1,0
106,2,1,0
106,6,1,0
106,7,1,0
106,1,1,0
107,4,1,0
107,2,1,1
108,5,1,1
108,6,1,0
109,7,1,0
109,2,1,0
109,4,1,0
109,3,1,0
109,6,1,0
109,1,1,0
109,5,1,0
110,5,1,0
110,2,1,0
111,6,1,0
111,4,1,0
112,5,1,0
112,7,1,0
112,3,1,0
112,1,1,0
112,6,1,0
113,3,1,0
113,4,1,1
113,7,1,0
113,2,1,0
113,1,1,0
114,4,1,0
114,5,1,0
114,7,1,0
115,1,1,1
116,1,1,0
116,6,1,0
117,4,1,0
117,3,1,0
117,7,1,0
117,6,1,0
117,5,1,0
117,1,1,0
118,7,1,1
118,2,1,0
119,3,1,0
119,1,1,0
119,5,1,0
119,4,1,0
120,5,1,0
120,2,1,0
120,6,1,0
121,7,1,0
121,4,1,0
121,3,1,0
121,2,1,1
121,1,1,0
121,5,1,0
122,2,1,0
122,3,1,0
123,5,1,0
123,4,1,0
124,2,1,1
124,1,1,0
125,6,1,0
126,3,1,0
127,7,1,1
127,4,1,0
128,7,1,1
128,4,1,1
128,1,1,1
128,3,1,0
128,5,1,0
129,4,1,0
129,1,1,0
129,5,1,0
129,6,1,0
129,7,1,0
129,2,1,0
129,3,1,0
130,3,1,0
130,5,1,0
130,2,1,0
130,6,1,0
130,7,1,0
130,1,1,0
130,4,1,1
131,4,1,1
131,1,1,0
131,3,1,0
132,2,1,0
132,7,1,0
132,3,1,0
132,1,1,0
132,4,1,0
133,1,1,0
133,3,1,0
133,7,1,1
134,5,1,0
134,2,1,0
134,3,1,0
134,4,1,1
134,6,1,0
134,7,1,0
134,1,1,1
135,2,1,0
135,5,1,0
136,6,1,0
136,4,1,0
136,5,1,0
136,1,1,0
136,7,1,1
136,3,1,0
137,7,1,0
137,6,1,0
137,3,1,1
138,2,1,0
138,7,1,0
138,1,1,0
139,2,1,0
139,5,1,0
139,7,1,0
140,7,1,0
140,4,1,0
140,2,1,0
140,6,1,0
140,3,1,0
140,5,1,1
140,1,1,0
141,3,1,0
141,4,1,1
141,6,1,0
141,2,1,0
142,6,1,0
142,4,1,0
142,3,1,0
143,6,1,0
144,7,1,0
144,2,1,0
144,1,1,0
145,1,1,0
145,3,1,0
145,7,1,0
146,7,1,0
146,2,1,0
146,4,1,0
146,5,1,0
146,1,1,0
147,3,1,0
147,5,1,0
147,6,1,0
147,4,1,0
147,1,1,0
147,2,1,0
148,7,1,0
148,5,1,0
148,6,1,0
148,2,1,0
149,2,1,0
149,1,1,0
149,3,1,0
149,6,1,0
149,4,1,0
149,5,1,0
150,3,1,1
150,1,1,0
150,4,1,0
151,4,1,0
151,1,1,0
151,2,1,0
151,3,1,1
151,6,1,0
151,5,1,0
151,7,1,1
152,2,1,0
152,5,1,0
152,6,1,0
152,1,1,0
152,7,1,0
153,7,1,0
154,2,1,0
155,6,1,1
155,2,1,0
155,1,1,0
155,4,1,0
156,3,1,0
156,2,1,0
156,6,1,0
156,5,1,0
156,4,1,0
156,1,1,0
157,7,1,1
157,3,1,0
157,4,1,0
157,6,1,0
157,2,1,1
158,2,1,0
159,3,1,0
159,2,1,1
159,1,1,0
159,5,1,0
159,4,1,0
159,6,1,0
160,1,1,0
160,7,1,0
160,3,1,0
160,5,1,0
160,6,1,0
161,7,1,0
161,4,1,0
161,1,1,0
162,5,1,0
162,1,1,0
162,3,1,0
162,7,1,0
163,5,1,0
163,6,1,0
163,7,1,0
163,4,1,0
163,1,1,0
163,3,1,0
164,2,1,0
164,3,1,0
164,1,1,0
164,7,1,0
164,5,1,0
164,4,1,0
164,6,1,0
165,5,1,0
165,1,1,0
165,6,1,0
166,4,1,0
166,7,1,0
166,2,1,0
166,3,1,0
167,5,1,0
167,7,1,0
167,6,1,0
167,4,1,0
168,1,1,0
168,4,1,0
168,7,1,0
168,5,1,0
169,7,1,0
170,3,1,0
170,4,1,0
170,7,1,0
170,1,1,0
170,5,1,0
170,2,1,0
171,5,1,0
171,2,1,0
171,4,1,0
171,7,1,0
171,3,1,0
171,1,1,1
171,6,1,0
172,4,1,0
172,6,1,0
172,5,1,0
173,5,1,0
173,3,1,0
173,2,1,0
174,2,1,0
174,7,1,0
174,3,1,0
174,4,1,1
175,6,1,0
176,2,1,0
176,6,1,0
176,4,1,0
176,1,1,0
176,3,1,0
176,7,1,0
177,6,1,0
178,5,1,0
178,1,1,1
179,4,1,0
179,6,1,0
179,3,1,1
179,1,1,0
180,1,1,0
181,5,1,1
181,2,1,0
182,4,1,0
182,3,1,1
182,2,1,0
182,1,1,1
182,7,1,0
182,5,1,0
182,6,1,0
183,5,1,0
183,6,1,1
183,2,1,0
183,4,1,1
183,3,1,0
184,4,1,0
184,6,1,0
184,2,1,0
184,1,1,0
184,7,1,0
184,5,1,0
184,3,1,0
185,6,1,0
186,4,1,0
186,3,1,1
186,1,1,0
186,5,1,1
186,7,1,0
186,2,1,0
187,7,1,0
187,1,1,0
187,3,1,0
187,6,1,1
187,4,1,0
188,6,1,1
188,2,1,0
188,1,1,1
188,7,1,0
188,4,1,0
188,5,1,0
188,3,1,0
189,1,1,0
189,2,1,0
189,4,1,0
189,7,1,0
190,6,1,0
190,7,1,0
190,4,1,0
190,5,1,0
191,3,1,0
191,1,1,0
192,1,1,0
192,4,1,0
192,7,1,0
192,6,1,0
192,5,1,0
193,4,1,0
194,3,1,0
194,6,1,0
194,5,1,0
195,5,1,0
195,6,1,0
195,7,1,0
195,2,1,0
195,4,1,0
195,3,1,0
195,1,1,0
196,4,1,0
196,7,1,0
196,3,1,0
196,2,1,0
196,6,1,0
197,1,1,0
197,5,1,0
197,2,1,0
197,7,1,0
197,3,1,0
197,6,1,0
197,4,1,0
198,3,1,0
198,2,1,0
198,5,1,0
199,5,1,0
199,4,1,0
199,1,1,1
199,7,1,0
199,3,1,0
200,1,1,0
200,3,1,1
201,3,1,0
201,6,1,0
201,4,1,0
201,5,1,1
201,2,1,0
202,7,1,0
202,1,1,0
202,2,1,0
202,6,1,0
202,3,1,0
202,4,1,0
203,3,1,0
203,7,1,0
203,6,1,0
203,2,1,0
203,4,1,0
203,5,1,1
203,1,1,0
204,7,1,0
204,1,1,0
204,5,1,0
205,7,1,0
205,1,1,0
205,3,1,0
205,6,1,0
206,1,1,0
206,2,1,0
206,5,1,0
206,4,1,0
206,3,1,0
206,7,1,1
207,3,1,0
207,5,1,0
208,2,1,0
209,3,1,0
210,2,1,0
210,3,1,0
210,1,1,0
210,6,1,0
210,7,1,0
210,5,1,0
210,4,1,0
211,1,1,0
211,4,1,0
211,2,1,0
212,2,1,0
212,4,1,0
212,5,1,0
212,6,1,0
212,3,1,0
212,1,1,0
212,7,1,1
213,3,1,0
214,2,1,0
214,1,1,0
214,7,1,0
214,3,1,0
214,5,1,0
215,7,1,0
215,1,1,0
216,4,1,0
216,3,1,0
216,2,1,0
216,6,1,0
216,7,1,0
216,1,1,0
216,5,1,0
217,1,1,0
217,3,1,0
217,7,1,0
217,6,1,0
217,2,1,0
218,3,1,0
218,6,1,0
219,6,1,0
220,1,1,0
220,6,1,0
220,2,1,0
220,7,1,0
221,2,1,0
221,6,1,0
221,7,1,0
221,1,1,0
221,4,1,0
222,3,1,0
222,6,1,0
222,2,1,0
223,6,1,0
223,1,1,0
223,2,1,0
223,5,1,0
223,7,1,0
223,4,1,0
223,3,1,0
224,4,1,0
225,5,1,0
225,4,1,0
225,3,1,0
225,2,1,0
225,6,1,0
225,7,1,0
226,7,1,1
226,1,1,0
226,5,1,0
226,6,1,0
226,3,1,0
226,2,1,0
226,4,1,1
227,1,1,0
227,2,1,1
227,3,1,0
227,6,1,0
227,7,1,0
227,5,1,0
228,3,1,0
228,4,1,0
228,1,1,0
228,7,1,0
228,6,1,0
228,5,1,0
228,2,1,1
229,3,1,0
229,1,1,0
229,7,1,1
229,2,1,0
229,6,1,0
229,5,1,0
230,2,1,0
230,4,1,0
230,7,1,0
230,1,1,0
230,6,1,0
230,5,1,0
231,7,1,0
231,5,1,0
232,6,1,0
232,4,1,0
233,6,1,0
233,3,1,0
234,4,1,0
235,4,1,0
235,5,1,0
235,2,1,0
236,7,1,0
236,4,1,0
236,1,1,0
236,6,1,0
236,5,1,0
236,2,1,0
237,1,1,0
237,6,1,0
237,3,1,0
237,2,1,0
237,5,1,0
237,4,1,0
237,7,1,0
238,7,1,0
238,5,1,0
238,2,1,0
238,6,1,0
239,6,1,0
239,1,1,0
239,2,1,0
239,7,1,0
239,5,1,0
239,3,1,0
239,4,1,0
240,4,1,0
240,7,1,1
240,3,1,0
240,2,1,0
240,6,1,1
240,1,1,0
241,7,1,0
241,4,1,0
241,1,1,0
241,3,1,0
242,1,1,0
242,4,1,0
242,6,1,0
242,2,1,0
242,7,1,0
243,3,1,1
243,1,1,1
243,5,1,0
243,7,1,0
243,2,1,0
244,5,1,0
244,2,1,1
244,3,1,0
244,1,1,0
244,6,1,0
244,7,1,0
245,3,1,0
245,1,1,0
245,5,1,0
246,6,1,0
246,1,1,0
246,5,1,0
246,2,1,0
246,7,1,0
247,1,1,0
247,7,1,0
248,6,1,0
248,4,1,0
248,3,1,0
248,1,1,1
248,7,1,0
249,3,1,0
250,2,1,0
251,4,1,0
251,7,1,0
252,3,1,0
252,4,1,0
253,1,1,0
253,2,1,0
253,3,1,1
254,3,1,0
254,6,1,0
254,2,1,0
255,3,1,1
255,1,1,0
255,2,1,0
255,5,1,0
255,4,1,0
256,5,1,0
256,6,1,0
256,7,1,0
256,2,1,0
256,1,1,0
256,4,1,0
257,7,1,0
257,3,1,0
257,5,1,0
257,1,1,0
258,3,1,0
258,1,1,0
259,7,1,0
259,6,1,0
259,5,1,0
260,7,1,0
260,2,1,0
260,1,1,1
261,3,1,0
261,4,1,0
261,1,1,0
261,2,1,0
261,6,1,0
262,5,1,0
263,7,1,1
263,2,1,0
263,6,1,0
263,1,1,1
263,4,1,1
264,6,1,0
264,3,1,0
264,2,1,0
264,7,1,0
265,4,1,0
265,7,1,0
266,4,1,1
266,2,1,0
266,3,1,0
267,1,1,0
267,7,1,0
268,5,1,0
268,6,1,0
268,1,1,0
268,2,1,0
268,4,1,0
268,3,1,1
268,7,1,0
269,5,1,0
269,2,1,0
269,6,1,0
269,7,1,0
269,4,1,0
269,3,1,0
269,1,1,0
270,1,1,0
270,4,1,0
270,5,1,0
270,2,1,0
270,7,1,1
271,4,1,0
271,7,1,0
271,2,1,1
271,5,1,0
271,6,1,0
271,3,1,0
272,7,1,0
272,2,1,0
272,6,1,0
272,1,1,0
273,5,1,0
273,6,1,1
273,4,1,0
273,2,1,0
273,7,1,0
274,6,1,0
275,7,1,0
275,3,1,0
275,4,1,0
275,1,1,0
275,6,1,0
275,5,1,0
276,7,1,0
277,1,1,0
277,7,1,0
278,1,1,0
278,3,1,0
278,2,1,1
278,5,1,0
278,6,1,0
278,4,1,0
278,7,1,0
279,3,1,0
279,5,1,1
279,4,1,0
279,7,1,0
279,2,1,0
279,1,1,0
280,2,1,0
280,7,1,0
280,1,1,0
281,6,1,0
281,5,1,0
281,3,1,0
282,2,1,0
282,3,1,0
282,5,1,0
282,4,1,0
282,7,1,0
282,1,1,0
283,4,1,0
283,2,1,0
283,5,1,0
284,2,1,0
284,3,1,1
284,6,1,0
284,1,1,0
284,4,1,0
285,6,1,0
285,3,1,0
285,7,1,0
285,2,1,0
285,4,1,0
285,1,1,0
286,5,1,1
287,4,1,0
287,6,1,0
287,3,1,0
287,7,1,0
287,2,1,0
287,1,1,0
287,5,1,0
288,1,1,0
288,6,1,0
288,7,1,0
288,4,1,0
288,3,1,0
289,4,1,0
289,3,1,0
289,1,1,0
289,7,1,0
289,6,1,0
289,5,1,0
289,2,1,0
290,7,1,0
290,3,1,0
290,4,1,1
290,6,1,0
290,2,1,0
290,5,1,0
290,1,1,0
291,5,1,0
292,2,1,1
292,3,1,0
292,1,1,0
292,6,1,0
292,5,1,0
293,5,1,0
293,2,1,0
293,4,1,0
293,1,1,0
293,6,1,0
293,3,1,0
293,7,1,0
294,2,1,0
294,1,1,0
295,1,1,0
295,4,1,0
295,5,1,0
295,6,1,1
295,2,1,0
295,7,1,1
296,5,1,0
296,7,1,0
296,1,1,0
296,2,1,0
296,4,1,1
297,2,1,0
297,3,1,0
297,7,1,0
297,1,1,0
297,6,1,0
297,5,1,0
298,6,1,0
298,4,1,0
298,3,1,0
299,7,1,0
300,6,1,0
300,7,1,0
300,2,1,0
301,3,1,1
301,2,1,0
301,6,1,0
301,1,1,0
301,7,1,0
301,4,1,0
301,5,1,0
302,7,1,0
302,2,1,1
302,6,1,1
302,1,1,0
302,5,1,0
302,4,1,0
303,5,1,0
303,1,1,0
303,3,1,0
303,6,1,1
303,4,1,0
303,2,1,0
304,5,1,0
304,1,1,0
304,7,1,1
304,4,1,0
304,2,1,0
305,3,1,0
305,2,1,0
305,4,1,0
305,7,1,0
306,3,1,0
306,1,1,0
306,7,1,0
306,4,1,0
306,2,1,0
306,5,1,0
306,6,1,0
307,7,1,1
307,4,1,0
307,2,1,0
308,2,1,0
308,3,1,0
308,6,1,0
309,5,1,0
310,1,1,0
311,3,1,1
311,7,1,0
311,2,1,0
312,1,1,0
313,1,1,0
313,7,1,0
314,2,1,0
314,4,1,0
314,1,1,1
314,7,1,0
314,5,1,0
314,6,1,0
314,3,1,0
315,1,1,0
316,3,1,0
316,5,1,0
317,7,1,0
317,1,1,0
317,6,1,0
317,4,1,0
318,3,1,0
318,4,1,0
318,5,1,0
318,2,1,0
319,3,1,0
320,5,1,0
321,4,1,0
321,2,1,1
322,3,1,0
322,5,1,0
322,4,1,0
322,7,1,0
322,6,1,0
323,7,1,0
323,2,1,0
323,6,1,0
323,3,1,0
323,4,1,0
324,2,1,0
324,3,1,0
325,2,1,0
325,5,1,0
325,7,1,0
325,6,1,0
325,1,1,0
325,4,1,0
326,2,1,0
326,5,1,0
326,3,1,1
326,7,1,0
326,4,1,0
326,1,1,1
327,3,1,0
327,2,1,0
327,7,1,0
327,6,1,0
328,7,1,1
328,3,1,0
328,1,1,0
328,6,1,1
328,2,1,0
329,5,1,0
329,3,1,0
329,2,1,1
330,5,1,0
330,7,1,0
330,3,1,0
330,4,1,0
331,4,1,0
331,1,1,0
331,6,1,0
331,7,1,0
331,3,1,0
331,2,1,0
332,2,1,0
332,7,1,1
332,3,1,0
332,5,1,0
333,6,1,0
333,4,1,0
333,3,1,1
334,1,1,1
334,6,1,1
335,7,1,0
335,1,1,0
335,6,1,0
335,5,1,0
335,3,1,0
336,7,1,0
336,2,1,0
336,4,1,0
337,6,1,0
337,3,1,0
337,5,1,0
338,6,1,0
338,3,1,0
339,7,1,0
339,4,1,0
339,1,1,0
339,6,1,0
339,5,1,0
339,2,1,0
340,2,1,0
340,7,1,0
340,1,1,1
340,4,1,0
340,5,1,0
340,6,1,0
341,1,1,0
342,4,1,0
342,6,1,0
342,7,1,1
342,2,1,0
343,4,1,0
343,6,1,1
343,1,1,1
344,5,1,0
344,1,1,0
344,7,1,1
344,3,1,0
344,4,1,0
345,3,1,1
345,6,1,0
345,7,1,0
345,4,1,0
346,7,1,0
346,4,1,0
346,1,1,0
346,6,1,0
347,6,1,0
347,5,1,0
347,4,1,0
347,1,1,0
347,7,1,0
347,2,1,0
347,3,1,0
348,7,1,0
349,3,1,0
350,6,1,1
350,2,1,0
351,6,1,0
351,2,1,0
351,3,1,0
351,7,1,0
351,4,1,0
352,4,1,0
352,3,1,0
352,6,1,0
352,1,1,0
352,5,1,0
352,2,1,0
352,7,1,0
353,7,1,0
353,5,1,0
353,2,1,0
353,3,1,0
353,1,1,0
353,6,1,0
354,6,1,0
354,5,1,0
354,1,1,0
354,7,1,0
354,3,1,0
355,4,1,0
355,3,1,1
355,2,1,0
355,6,1,0
355,5,1,0
355,7,1,0
356,3,1,0
356,1,1,0
356,2,1,0
357,6,1,0
357,4,1,0
357,3,1,1
357,1,1,0
357,5,1,1
357,7,1,0
357,2,1,0
358,7,1,0
358,4,1,0
358,6,1,1
358,5,1,0
358,2,1,0
359,5,1,0
359,2,1,0
359,7,1,0
359,6,1,1
360,5,1,0
360,7,1,0
360,4,1,0
360,6,1,0
360,1,1,0
360,3,1,0
360,2,1,0
361,4,1,0
361,2,1,0
361,7,1,0
361,6,1,0
362,5,1,0
362,3,1,0
363,4,1,0
363,5,1,0
363,3,1,0
363,6,1,0
363,7,1,0
363,1,1,0
364,7,1,1
364,1,1,0
364,2,1,0
364,4,1,0
364,5,1,0
365,5,1,0
365,6,1,0
365,4,1,0
365,1,1,0
366,6,1,0
366,7,1,0
366,1,1,0
367,3,1,0
367,2,1,0
367,4,1,0
367,5,1,0
368,1,1,0
369,6,1,0
369,7,1,0
369,3,1,0
369,2,1,0
370,3,1,0
370,7,1,0
370,4,1,0
370,1,1,1
371,7,1,0
371,3,1,0
371,2,1,0
371,5,1,0
371,1,1,0
372,7,1,1
372,6,1,0
373,6,1,0
373,2,1,0
373,1,1,0
373,7,1,0
373,4,1,0
373,5,1,0
373,3,1,0
374,3,1,0
374,5,1,0
374,7,1,0
375,6,1,1
375,4,1,0
375,5,1,0
375,7,1,0
376,6,1,0
376,3,1,1
376,7,1,0
376,5,1,1
376,1,1,0
376,2,1,0
377,3,1,0
377,5,1,0
377,4,1,0
377,7,1,1
377,1,1,0
377,6,1,0
378,6,1,0
378,4,1,0
378,5,1,0
378,2,1,0
378,7,1,0
379,2,1,0
379,7,1,0
379,6,1,0
379,3,1,0
379,4,1,0
379,5,1,0
379,1,1,0
380,3,1,0
380,1,1,1
380,4,1,0
381,5,1,0
381,6,1,0
381,4,1,0
381,7,1,0
381,1,1,0
381,2,1,0
382,7,1,0
382,3,1,0
382,2,1,0
382,6,1,0
383,5,1,0
383,1,1,0
383,3,1,0
383,6,1,0
383,7,1,0
383,4,1,0
384,4,1,0
384,1,1,0
384,6,1,0
384,2,1,0
384,3,1,0
384,5,1,0
385,3,1,0
385,5,1,0
385,6,1,0
385,7,1,0
385,4,1,0
386,5,1,0
386,7,1,0
386,1,1,0
386,6,1,0
387,3,1,0
387,1,1,1
387,6,1,0
387,2,1,0
387,4,1,0
387,5,1,0
388,3,1,0
388,4,1,0
388,5,1,0
389,2,1,0
389,4,1,0
389,3,1,0
389,5,1,0
389,7,1,0
389,6,1,0
390,1,1,0
390,3,1,0
390,6,1,0
390,7,1,0
390,4,1,0
391,5,1,0
391,1,1,0
392,1,1,1
392,4,1,0
392,5,1,0
392,2,1,0
392,3,1,0
392,6,1,0
392,7,1,0
393,3,1,0
393,6,1,0
393,4,1,0
393,7,1,1
393,5,1,0
393,1,1,0
393,2,1,1
394,3,1,0
394,4,1,0
394,7,1,1
394,6,1,0
394,5,1,0
394,1,1,0
394,2,1,0
395,1,1,0
395,4,1,0
395,2,1,0
396,7,1,0
397,4,1,0
397,7,1,0
397,1,1,0
397,2,1,0
397,6,1,0
397,3,1,0
398,5,1,1
398,2,1,0
399,4,1,1
400,7,1,0
400,4,1,0
400,6,1,0
400,1,1,0
401,5,1,0
401,1,1,0
401,2,1,0
401,7,1,0
402,3,1,0
403,3,1,0
404,7,1,0
404,6,1,0
404,5,1,0
404,3,1,0
404,1,1,0
404,4,1,0
404,2,1,1
405,1,1,0
405,6,1,0
405,2,1,0
405,4,1,0
405,5,1,0
405,3,1,0
405,7,1,0
406,7,1,1
406,6,1,0
406,4,1,0
407,1,1,0
408,5,1,0
408,2,1,0
408,4,1,0
408,3,1,0
408,7,1,0
408,6,1,0
409,5,1,0
409,7,1,0
409,1,1,1
410,3,1,0
410,7,1,0
410,1,1,0
410,6,1,0
411,1,1,0
411,3,1,0
411,2,1,0
412,4,1,0
412,1,1,0
412,3,1,0
412,6,1,1
412,2,1,0
412,7,1,0
412,5,1,0
413,2,1,0
413,1,1,0
414,7,1,0
414,2,1,0
414,5,1,0
415,5,1,0
415,4,1,0
415,3,1,1
416,4,1,1
416,6,1,0
416,1,1,0
416,3,1,0
416,2,1,0
417,5,1,0
417,4,1,1
417,1,1,1
417,6,1,0
418,5,1,0
419,5,1,0
419,1,1,0
420,5,1,0
421,6,1,0
421,3,1,0
421,5,1,0
421,2,1,0
421,7,1,0
421,1,1,0
421,4,1,0
422,1,1,0
422,5,1,0
422,2,1,0
422,7,1,0
423,1,1,0
423,7,1,0
423,6,1,0
423,5,1,1
423,4,1,0
423,3,1,0
424,1,1,0
424,2,1,0
424,4,1,0
424,7,1,0
424,5,1,1
424,3,1,0
425,6,1,0
425,3,1,0
426,4,1,0
426,3,1,0
426,6,1,0
426,5,1,0
427,5,1,0
427,1,1,1
427,3,1,0
428,6,1,0
428,1,1,0
428,4,1,0
428,2,1,1
429,3,1,1
429,1,1,0
430,6,1,0
430,1,1,0
430,5,1,0
430,7,1,0
430,4,1,0
430,3,1,0
431,4,1,0
431,5,1,0
431,3,1,0
431,6,1,0
431,2,1,0
431,7,1,1
431,1,1,0
432,3,1,0
432,2,1,0
433,3,1,0
433,6,1,0
434,6,1,0
434,5,1,1
435,4,1,0
435,7,1,0
435,2,1,0
435,1,1,0
435,5,1,0
436,3,1,0
436,5,1,0
436,2,1,0
436,1,1,0
436,4,1,1
436,6,1,1
437,7,1,0
437,4,1,0
437,5,1,0
437,2,1,0
437,3,1,0
437,6,1,0
438,4,1,0
439,7,1,0
439,3,1,0
439,4,1,0
439,1,1,0
439,6,1,0
440,4,1,0
440,1,1,0
441,3,1,0
441,7,1,1
441,4,1,0
441,6,1,0
442,6,1,0
442,4,1,0
442,7,1,0
442,1,1,0
442,3,1,0
442,5,1,0
443,3,1,1
443,2,1,0
443,6,1,0
443,5,1,0
443,1,1,0
444,4,1,0
444,2,1,0
444,3,1,0
444,6,1,0
445,7,1,0
445,5,1,0
445,2,1,1
445,4,1,0
445,6,1,0
445,1,1,0
445,3,1,0
446,2,1,1
447,5,1,0
447,6,1,0
447,2,1,0
447,1,1,0
447,7,1,0
447,4,1,0
447,3,1,1
448,6,1,0
448,3,1,0
448,1,1,0
448,7,1,0
449,5,1,0
449,7,1,1
449,6,1,0
449,2,1,0
449,1,1,1
449,4,1,0
450,6,1,0
451,3,1,1
451,5,1,0
451,4,1,0
451,7,1,0
451,1,1,0
451,2,1,0
452,1,1,0
452,5,1,1
452,7,1,0
452,3,1,0
452,6,1,0
453,4,1,0
454,3,1,0
454,4,1,0
454,2,1,0
454,1,1,0
455,4,1,0
455,3,1,0
455,7,1,0
455,6,1,1
455,5,1,0
456,6,1,0
456,4,1,0
456,1,1,0
456,5,1,0
456,2,1,0
456,3,1,0
457,2,1,0
457,3,1,0
457,4,1,0
458,1,1,0
458,2,1,0
458,7,1,0
458,5,1,0
458,6,1,0
458,4,1,0
459,1,1,0
459,6,1,0
459,3,1,0
459,4,1,0
459,5,1,0
459,2,1,0
459,7,1,0
460,5,1,0
460,4,1,0
460,3,1,0
460,1,1,0
460,7,1,0
460,6,1,0
460,2,1,0
461,7,1,0
461,4,1,0
461,3,1,0
461,2,1,0
461,5,1,0
461,6,1,0
462,3,1,0
462,1,1,0
462,7,1,1
463,1,1,0
463,5,1,1
464,2,1,0
464,1,1,0
464,6,1,0
464,7,1,0
464,3,1,0
464,4,1,0
465,4,1,0
465,7,1,0
465,6,1,0
465,2,1,0
465,3,1,0
466,1,1,0
466,5,1,0
466,2,1,0
466,7,1,0
466,3,1,0
466,4,1,0
466,6,1,0
467,1,1,0
468,6,1,0
468,7,1,0
468,3,1,0
468,4,1,0
468,1,1,0
468,5,1,0
468,2,1,0
469,4,1,0
469,3,1,1
469,5,1,0
469,1,1,0
469,2,1,0
470,7,1,0
471,2,1,0
471,5,1,0
471,6,1,0
472,5,1,0
472,7,1,0
472,3,1,1
473,4,1,1
473,3,1,0
473,5,1,0
473,2,1,0
474,3,1,0
474,5,1,0
474,2,1,0
474,7,1,0
474,1,1,0
474,6,1,0
474,4,1,0
475,1,1,0
476,2,1,0
476,1,1,0
476,4,1,1
477,7,1,0
477,4,1,0
478,2,1,0
478,7,1,0
479,7,1,0
479,1,1,0
479,3,1,1
479,5,1,0
479,2,1,0
480,2,1,0
480,7,1,0
480,6,1,0
480,1,1,0
481,7,1,0
481,2,1,0
481,1,1,0
481,3,1,0
482,1,1,0
482,2,1,0
482,4,1,0
482,6,1,0
482,3,1,1
483,6,1,0
483,3,1,0
483,5,1,0
483,2,1,0
483,7,1,0
484,1,1,0
484,7,1,0
484,2,1,0
484,4,1,0
484,5,1,0
485,5,1,0
485,3,1,0
485,2,1,0
485,6,1,0
485,4,1,0
485,1,1,1
485,7,1,0
486,5,1,0
487,4,1,0
488,3,1,0
488,5,1,0
488,1,1,1
488,4,1,0
489,6,1,0
490,2,1,0
490,5,1,0
490,6,1,0
490,4,1,0
490,3,1,0
490,7,1,0
490,1,1,1
491,1,1,0
491,2,1,1
491,6,1,0
492,3,1,0
492,5,1,0
493,4,1,0
494,5,1,1
494,7,1,0
494,6,1,0
494,3,1,0
494,2,1,0
494,4,1,0
495,5,1,0
495,7,1,0
496,7,1,0
496,5,1,0
496,4,1,0
496,6,1,0
496,1,1,0
496,2,1,0
497,1,1,0
497,3,1,0
497,5,1,1
497,4,1,0
497,7,1,0
498,7,1,0
498,3,1,0
498,2,1,0
498,5,1,0
498,6,1,0
499,2,1,0
499,3,1,0
499,1,1,0
500,5,1,0
500,7,1,0
500,3,1,0
500,2,1,0
500,6,1,0
500,1,1,0
500,4,1,0
501,6,1,0
501,5,1,0
501,2,1,0
501,7,1,0
501,4,1,0
501,1,1,0
501,3,1,0
502,7,1,0
502,4,1,0
502,3,1,0
502,1,1,0
502,5,1,0
502,2,1,1
502,6,1,0
503,5,1,0
503,1,1,0
503,6,1,0
503,7,1,0
503,4,1,0
503,3,1,0
504,2,1,0
504,5,1,0
504,7,1,0
505,7,1,0
505,1,1,0
505,5,1,0
505,2,1,0
505,6,1,0
505,3,1,0
505,4,1,0
506,4,1,0
506,1,1,0
506,5,1,0
506,6,1,0
507,5,1,1
507,1,1,0
507,7,1,0
508,7,1,0
508,3,1,0
508,5,1,0
508,2,1,0
508,1,1,0
508,4,1,0
509,6,1,0
510,4,1,0
510,3,1,0
510,2,1,0
510,6,1,0
510,7,1,0
511,2,1,0
511,7,1,0
511,5,1,0
512,4,1,0
513,2,1,0
513,6,1,1
513,5,1,0
513,7,1,0
514,7,1,1
514,1,1,0
514,3,1,1
514,5,1,0
514,2,1,0
515,6,1,0
515,7,1,0
515,1,1,0
515,4,1,0
515,3,1,0
515,2,1,0
515,5,1,0
516,6,1,0
516,2,1,0
517,6,1,0
517,4,1,0
517,5,1,0
518,5,1,0
518,7,1,0
518,3,1,0
518,4,1,0
518,2,1,0
519,4,1,1
519,7,1,0
520,5,1,1
520,7,1,0
520,2,1,0
520,1,1,0
520,3,1,0
520,4,1,0
521,2,1,0
521,7,1,0
521,3,1,0
521,4,1,0
521,5,1,0
521,6,1,0
521,1,1,0
522,3,1,0
522,6,1,0
522,1,1,0
523,7,1,0
523,3,1,0
524,6,1,0
525,2,1,0
525,6,1,0
525,1,1,0
525,5,1,0
525,3,1,0
525,7,1,0
525,4,1,0
526,2,1,0
526,1,1,0
527,2,1,0
527,7,1,0
527,3,1,0
528,4,1,0
528,2,1,0
528,6,1,0
528,1,1,1
529,4,1,0
530,7,1,0
530,5,1,0
530,6,1,0
530,4,1,0
531,2,1,1
531,3,1,0
532,7,1,0
532,4,1,0
532,6,1,0
533,7,1,0
533,2,1,0
533,6,1,1
534,2,1,0
534,3,1,0
534,4,1,0
534,1,1,0
534,5,1,0
534,6,1,0
535,6,1,0
535,4,1,1
535,1,1,0
535,3,1,0
536,2,1,1
536,6,1,0
536,3,1,0
536,7,1,0
536,1,1,0
536,4,1,0
537,5,1,0
537,2,1,0
537,7,1,0
538,1,1,0
538,3,1,0
538,7,1,1
539,4,1,0
539,3,1,0
539,1,1,0
539,2,1,0
540,4,1,0
540,1,1,0
540,2,1,0
541,7,1,0
541,1,1,0
541,3,1,0
542,2,1,0
542,5,1,0
542,4,1,0
542,1,1,0
543,3,1,0
544,3,1,1
545,1,1,1
545,4,1,0
545,2,1,0
545,3,1,0
545,5,1,0
546,7,1,0
547,5,1,0
547,6,1,0
547,7,1,0
547,2,1,0
547,3,1,1
548,5,1,0
549,1,1,0
549,3,1,0
549,4,1,0
549,2,1,0
549,7,1,0
550,2,1,0
550,6,1,0
551,6,1,0
551,5,1,0
551,3,1,0
551,7,1,0
551,4,1,0
552,3,1,0
552,6,1,0
552,7,1,0
552,1,1,0
552,2,1,0
553,6,1,0
553,4,1,0
553,2,1,0
553,1,1,1
553,5,1,0
554,1,1,0
554,7,1,0
554,5,1,0
554,3,1,0
554,4,1,0
554,6,1,0
554,2,1,0
555,7,1,0
555,3,1,0
555,6,1,0
555,2,1,0
556,7,1,0
556,6,1,0
556,1,1,0
557,2,1,0
557,5,1,0
557,3,1,1
557,6,1,0
557,7,1,0
557,4,1,0
558,1,1,0
558,5,1,1
558,7,1,0
558,4,1,0
558,2,1,0
558,3,1,1
558,6,1,0
559,4,1,0
559,2,1,0
559,7,1,0
559,3,1,0
559,1,1,0
559,6,1,0
560,1,1,1
560,4,1,0
560,7,1,0
560,6,1,0
560,5,1,0
560,2,1,1
561,2,1,0
561,1,1,0
561,5,1,0
561,3,1,0
561,4,1,0
562,4,1,0
562,6,1,0
562,2,1,0
562,5,1,0
563,1,1,0
564,2,1,0
564,1,1,0
564,4,1,0
564,3,1,0
564,6,1,0
564,5,1,0
565,6,1,0
565,1,1,0
565,5,1,0
566,3,1,0
566,2,1,0
566,7,1,0
566,5,1,0
566,1,1,0
567,6,1,0
567,3,1,0
567,4,1,0
567,2,1,0
567,1,1,0
568,4,1,0
568,1,1,0
568,3,1,0
568,2,1,0
569,5,1,0
569,6,1,0
570,2,1,0
571,4,1,1
572,1,1,0
572,4,1,0
572,3,1,0
572,7,1,0
572,5,1,0
572,2,1,0
573,6,1,0
573,5,1,1
573,2,1,0
574,5,1,0
574,3,1,0
575,4,1,0
576,1,1,1
576,7,1,0
576,4,1,1
576,5,1,0
576,2,1,0
576,6,1,0
577,5,1,0
577,6,1,0
577,7,1,0
577,3,1,1
577,2,1,0
577,4,1,0
578,4,1,0
578,7,1,0
578,5,1,0
578,2,1,0
579,1,1,0
579,7,1,0
579,6,1,0
579,2,1,0
579,5,1,0
579,3,1,0
579,4,1,1
580,2,1,0
580,7,1,0
580,5,1,0
580,4,1,0
580,3,1,0
580,1,1,0
581,5,1,0
582,5,1,1
582,3,1,0
582,7,1,0
582,1,1,0
582,4,1,0
583,1,1,0
583,3,1,0
583,7,1,0
583,4,1,0
583,5,1,0
583,6,1,0
583,2,1,0
584,3,1,0
585,7,1,1
585,6,1,0
585,4,1,0
585,3,1,0
585,5,1,0
586,4,1,0
586,7,1,0
586,3,1,0
586,1,1,0
586,6,1,0
587,2,1,0
587,5,1,0
588,4,1,0
588,3,1,0
588,2,1,0
589,7,1,0
589,3,1,0
590,5,1,0
590,2,1,0
591,1,1,0
591,4,1,0
591,7,1,0
591,5,1,0
591,6,1,0
591,2,1,0
592,7,1,0
592,6,1,0
592,3,1,0
593,3,1,0
594,7,1,0
595,4,1,0
595,1,1,0
596,3,1,0
596,6,1,0
597,6,1,0
597,1,1,0
597,5,1,0
597,7,1,0
597,3,1,0
597,2,1,0
597,4,1,0
598,5,1,0
598,3,1,0
599,7,1,0
599,2,1,0
600,6,1,0
600,7,1,0
600,1,1,0
600,5,1,0
600,4,1,0
600,3,1,0
600,2,1,0
601,2,1,0
601,1,1,0
602,3,1,0
602,5,1,1
602,4,1,0
602,6,1,1
602,2,1,0
602,1,1,0
603,6,1,0
603,3,1,0
603,7,1,0
603,5,1,0
604,4,1,0
604,7,1,0
605,1,1,1
605,4,1,0
605,2,1,0
605,5,1,0
606,1,1,0
606,7,1,0
606,3,1,0
606,6,1,0
606,2,1,0
606,4,1,0
607,1,1,0
607,2,1,0
607,4,1,0
608,6,1,0
609,5,1,0
609,6,1,0
609,7,1,0
609,4,1,0
609,2,1,0
610,5,1,0
610,3,1,0
611,6,1,0
611,3,1,0
611,5,1,0
611,1,1,0
612,4,1,0
612,3,1,0
612,7,1,0
612,5,1,0
613,7,1,0
613,1,1,0
614,1,1,0
614,3,1,0
614,6,1,0
614,7,1,1
614,5,1,1
615,6,1,0
615,3,1,0
615,4,1,0
615,5,1,0
615,2,1,0
615,7,1,0
615,1,1,0
616,3,1,0
616,4,1,0
616,7,1,0
617,1,1,0
618,5,1,0
618,6,1,0
619,3,1,0
619,6,1,0
619,4,1,0
619,2,1,0
619,7,1,0
619,1,1,0
619,5,1,0
620,1,1,1
620,7,1,0
620,3,1,0
620,2,1,0
620,5,1,0
621,5,1,0
622,7,1,0
622,5,1,0
622,2,1,0
622,4,1,0
622,1,1,0
622,6,1,0
622,3,1,0
623,1,1,1
623,5,1,0
623,3,1,0
624,1,1,0
624,4,1,0
625,1,1,0
625,4,1,0
625,2,1,0
625,3,1,0
625,6,1,1
625,7,1,0
625,5,1,0
626,3,1,0
626,6,1,0
626,1,1,0
626,2,1,0
626,5,1,0
626,4,1,0
626,7,1,1
627,2,1,0
627,1,1,0
627,4,1,0
627,6,1,0
627,5,1,0
628,6,1,1
629,1,1,0
629,3,1,0
630,6,1,0
630,2,1,0
630,3,1,0
630,4,1,0
630,5,1,0
631,1,1,0
631,5,1,1
632,7,1,0
632,6,1,0
632,1,1,0
632,3,1,0
633,2,1,0
633,3,1,0
634,3,1,0
634,1,1,0
635,1,1,0
635,4,1,0
635,6,1,0
636,6,1,1
637,1,1,0
637,4,1,0
637,5,1,0
637,2,1,0
637,7,1,0
637,3,1,1
637,6,1,0
638,6,1,1
638,5,1,0
638,7,1,0
638,2,1,0
638,1,1,0
638,3,1,0
639,2,1,1
639,1,1,0
640,4,1,0
640,6,1,0
640,3,1,0
640,7,1,0
640,5,1,1
640,2,1,0
640,1,1,0
641,7,1,1
641,6,1,0
641,1,1,0
641,5,1,0
641,2,1,0
642,5,1,1
642,2,1,0
642,6,1,0
642,1,1,0
642,7,1,0
642,4,1,0
643,3,1,0
643,1,1,0
643,2,1,0
643,6,1,0
643,5,1,0
643,4,1,0
644,1,1,1
645,1,1,1
645,7,1,0
645,6,1,0
645,4,1,0
645,5,1,1
645,3,1,0
645,2,1,0
646,2,1,0
646,6,1,0
646,7,1,0
646,4,1,0
646,3,1,0
646,5,1,0
647,3,1,0
647,2,1,1
647,1,1,1
647,5,1,0
647,6,1,0
648,4,1,0
648,6,1,0
648,3,1,0
648,2,1,1
648,5,1,0
648,7,1,0
648,1,1,0
649,7,1,0
649,2,1,0
649,6,1,0
649,5,1,0
649,1,1,0
649,3,1,1
650,2,1,0
650,3,1,0
650,1,1,0
650,5,1,0
650,7,1,0
651,2,1,0
651,7,1,0
652,5,1,0
653,2,1,0
653,3,1,0
653,6,1,0
653,5,1,0
653,1,1,0
654,5,1,0
654,1,1,0
655,1,1,0
655,4,1,0
655,5,1,0
655,3,1,0
655,2,1,1
655,6,1,1
656,5,1,0
656,2,1,0
656,1,1,0
656,3,1,0
656,7,1,0
657,2,1,0
657,6,1,1
657,3,1,0
657,5,1,0
657,1,1,0
657,4,1,0
658,3,1,0
658,5,1,0
659,1,1,1
659,6,1,0
659,7,1,0
660,4,1,0
660,3,1,0
660,5,1,1
660,1,1,0
660,2,1,0
660,7,1,0
660,6,1,0
661,3,1,0
661,5,1,0
662,1,1,0
662,6,1,0
662,2,1,0
663,7,1,0
663,2,1,0
663,5,1,0
663,1,1,0
663,4,1,0
664,4,1,0
665,7,1,0
665,1,1,1
665,4,1,1
666,2,1,0
666,3,1,1
666,4,1,0
666,6,1,0
666,1,1,0
666,5,1,0
666,7,1,0
667,1,1,0
667,6,1,0
667,7,1,0
667,4,1,0
667,5,1,0
668,5,1,0
668,3,1,0
668,6,1,1
668,2,1,0
668,7,1,0
668,4,1,0
669,5,1,0
669,7,1,0
669,3,1,0
669,1,1,0
669,4,1,0
669,2,1,0
670,3,1,0
670,4,1,0
671,6,1,0
671,5,1,0
672,7,1,0
672,4,1,0
672,3,1,0
672,1,1,0
673,1,1,0
673,4,1,0
673,7,1,0
674,6,1,0
674,5,1,0
674,3,1,0
674,1,1,0
674,2,1,0
675,5,1,0
675,2,1,1
675,1,1,0
676,7,1,0
677,2,1,1
678,1,1,0
678,5,1,0
678,7,1,0
678,2,1,0
678,6,1,0
678,3,1,1
679,5,1,0
679,3,1,1
680,6,1,0
680,3,1,0
680,4,1,0
681,2,1,0
681,7,1,0
681,5,1,0
681,4,1,0
681,1,1,0
682,7,1,0
682,1,1,1
682,4,1,0
682,5,1,0
682,2,1,0
682,6,1,0
683,1,1,0
683,3,1,0
683,2,1,0
684,4,1,0
684,3,1,0
684,5,1,0
684,1,1,1
684,7,1,0
684,2,1,0
684,6,1,0
685,2,1,0
685,3,1,1
685,4,1,1
685,1,1,0
685,5,1,0
685,6,1,0
686,1,1,0
686,4,1,0
686,6,1,0
686,3,1,0
686,2,1,0
686,7,1,0
686,5,1,0
687,7,1,0
688,1,1,0
688,4,1,0
689,2,1,0
689,4,1,0
689,5,1,0
689,3,1,0
690,7,1,0
690,3,1,1
690,1,1,1
691,6,1,0
691,4,1,0
691,5,1,0
691,2,1,0
692,6,1,0
692,4,1,0
692,2,1,0
692,1,1,0
693,5,1,0
693,2,1,1
693,1,1,0
694,3,1,0
694,5,1,0
694,1,1,0
694,2,1,0
694,6,1,0
694,4,1,0
694,7,1,0
695,6,1,0
695,2,1,0
696,3,1,0
696,2,1,0
696,1,1,0
696,7,1,0
696,6,1,0
697,3,1,0
697,6,1,0
697,4,1,0
697,1,1,0
697,2,1,0
697,5,1,0
697,7,1,0
698,1,1,0
699,4,1,0
700,6,1,1
700,7,1,0
700,4,1,0
700,2,1,0
701,3,1,0
702,5,1,0
702,4,1,0
703,1,1,0
704,1,1,0
704,4,1,1
704,3,1,0
704,7,1,0
704,6,1,0
704,2,1,1
705,3,1,1
705,5,1,1
705,6,1,0
705,1,1,0
705,7,1,0
706,6,1,0
706,7,1,0
706,4,1,0
706,1,1,0
707,2,1,0
707,1,1,0
707,6,1,0
708,3,1,0
708,7,1,0
708,5,1,0
708,1,1,0
708,6,1,0
708,2,1,0
708,4,1,0
709,4,1,0
709,1,1,0
709,2,1,0
709,7,1,0
709,5,1,0
709,3,1,0
710,7,1,0
710,4,1,0
711,7,1,0
711,1,1,0
711,4,1,0
711,6,1,1
711,2,1,0
711,3,1,0
712,5,1,0
712,1,1,0
712,2,1,0
712,4,1,0
712,6,1,0
713,2,1,0
713,7,1,0
713,4,1,0
714,3,1,0
714,4,1,0
714,6,1,0
714,2,1,0
715,6,1,0
715,3,1,0
716,5,1,0
717,5,1,0
717,7,1,0
718,1,1,0
718,5,1,0
718,4,1,0
718,3,1,0
718,2,1,0
718,7,1,0
719,4,1,1
719,5,1,0
719,2,1,0
719,6,1,0
719,1,1,0
720,4,1,0
720,7,1,1
720,2,1,1
721,7,1,0
722,7,1,0
722,3,1,0
723,7,1,0
723,6,1,0
723,1,1,0
723,5,1,1
723,2,1,0
723,3,1,0
724,5,1,0
724,1,1,0
724,6,1,0
725,6,1,0
726,7,1,0
727,2,1,0
727,6,1,1
727,3,1,0
727,1,1,0
728,2,1,0
728,3,1,0
728,4,1,0
728,1,1,1
728,5,1,0
728,7,1,0
729,6,1,0
729,2,1,0
729,1,1,0
730,6,1,0
730,3,1,0
730,1,1,0
730,4,1,0
730,7,1,0
731,2,1,0
731,4,1,0
732,4,1,0
732,6,1,0
732,2,1,0
732,5,1,0
733,3,1,0
733,1,1,0
733,2,1,0
733,6,1,0
734,4,1,1
734,6,1,0
734,1,1,0
734,3,1,0
735,1,1,0
735,6,1,0
736,3,1,0
736,7,1,0
736,4,1,0
736,2,1,0
736,1,1,0
736,6,1,0
736,5,1,0
737,2,1,0
737,3,1,0
737,4,1,0
737,5,1,0
737,7,1,0
738,1,1,0
738,4,1,0
738,6,1,0
738,3,1,1
738,2,1,0
739,5,1,0
739,2,1,0
739,1,1,0
740,6,1,0
740,5,1,0
740,4,1,0
740,1,1,0
740,2,1,0
741,6,1,0
741,4,1,0
741,7,1,0
741,2,1,0
742,3,1,0
743,3,1,0
743,4,1,0
743,2,1,0
743,5,1,0
743,6,1,0
743,1,1,0
744,6,1,0
744,4,1,0
745,4,1,0
745,2,1,0
745,5,1,1
745,1,1,0
745,3,1,0
746,5,1,0
746,4,1,1
746,1,1,0
746,7,1,0
747,2,1,0
747,1,1,0
747,5,1,0
747,7,1,0
748,1,1,0
748,3,1,0
749,6,1,0
749,5,1,0
749,1,1,0
750,7,1,0
750,5,1,0
750,4,1,0
750,6,1,0
750,1,1,0
750,3,1,0
751,6,1,0
751,1,1,0
752,2,1,0
752,4,1,0
752,6,1,0
752,5,1,0
752,3,1,0
752,7,1,0
753,7,1,0
753,2,1,0
753,1,1,0
753,5,1,0
753,4,1,1
753,3,1,0
754,5,1,0
755,1,1,0
755,5,1,0
755,4,1,0
755,7,1,0
755,3,1,0
756,7,1,0
756,1,1,1
756,4,1,0
756,6,1,0
756,3,1,0
756,2,1,0
756,5,1,0
757,2,1,0
757,6,1,0
757,5,1,0
757,1,1,0
757,7,1,0
758,5,1,0
758,1,1,1
758,2,1,0
758,3,1,0
758,6,1,0
758,4,1,1
758,7,1,0
759,1,1,0
759,5,1,0
759,3,1,0
759,4,1,0
759,6,1,0
759,2,1,0
759,7,1,0
760,7,1,0
761,2,1,0
761,6,1,0
761,7,1,0
761,5,1,0
761,3,1,0
761,1,1,0
762,7,1,0
762,4,1,1
762,5,1,0
762,3,1,0
762,2,1,1
762,1,1,0
762,6,1,0
763,4,1,0
763,5,1,0
763,7,1,1
763,1,1,0
763,2,1,0
764,2,1,0
765,6,1,0
766,6,1,1
767,7,1,0
767,3,1,0
767,1,1,0
767,2,1,0
767,4,1,0
767,6,1,0
767,5,1,0
768,1,1,0
769,5,1,0
769,3,1,0
769,6,1,0
769,2,1,0
769,4,1,0
769,7,1,0
769,1,1,0
770,5,1,0
770,6,1,1
770,2,1,0
770,3,1,0
770,7,1,0
771,5,1,0
772,7,1,0
773,1,1,0
773,2,1,0
773,7,1,0
773,5,1,1
773,6,1,0
773,4,1,0
774,5,1,1
774,3,1,0
774,1,1,0
775,5,1,0
776,5,1,0
776,7,1,0
776,6,1,0
776,2,1,0
777,3,1,0
777,1,1,0
777,2,1,0
777,4,1,0
777,6,1,0
777,7,1,0
777,5,1,0
778,1,1,0
778,3,1,0
778,4,1,0
778,6,1,1
778,2,1,0
778,7,1,0
779,7,1,0
779,6,1,0
779,3,1,0
779,1,1,0
779,5,1,0
779,2,1,0
779,4,1,0
780,6,1,0
781,6,1,0
781,5,1,1
781,7,1,0
781,3,1,0
781,1,1,0
781,4,1,0
781,2,1,0
782,3,1,1
782,7,1,0
783,2,1,0
783,7,1,0
783,1,1,0
783,6,1,0
784,6,1,0
784,1,1,0
784,7,1,0
785,4,1,0
785,3,1,0
785,5,1,0
785,1,1,0
786,3,1,1
786,7,1,0
786,5,1,0
787,7,1,0
787,1,1,0
787,5,1,0
787,2,1,0
787,6,1,1
788,3,1,0
788,6,1,0
788,5,1,0
788,1,1,0
788,4,1,0
788,2,1,0
789,7,1,0
789,1,1,0
789,3,1,0
789,5,1,0
789,4,1,0
789,2,1,0
789,6,1,0
790,3,1,0
790,5,1,1
790,4,1,0
790,6,1,0
791,2,1,0
791,3,1,0
791,1,1,0
792,7,1,0
793,6,1,0
793,4,1,0
793,5,1,0
793,7,1,0
793,3,1,1
793,1,1,0
793,2,1,0
794,3,1,1
794,4,1,0
794,6,1,0
794,1,1,0
794,2,1,0
794,7,1,0
795,6,1,0
795,1,1,0
795,5,1,0
795,7,1,1
795,4,1,0
795,3,1,0
795,2,1,0
796,2,1,0
796,6,1,0
797,4,1,0
797,2,1,1
798,3,1,0
798,4,1,0
798,2,1,0
798,7,1,0
798,5,1,0
799,5,1,0
799,3,1,0
799,6,1,0
799,7,1,1
799,4,1,0
799,2,1,0
799,1,1,0
800,6,1,0
801,2,1,0
801,5,1,0
801,4,1,0
801,7,1,0
801,3,1,0
801,1,1,0
802,2,1,0
802,7,1,0
802,1,1,0
802,5,1,0
802,4,1,0
802,6,1,0
803,5,1,0
803,1,1,0
804,7,1,0
804,3,1,0
804,4,1,0
804,2,1,0
804,1,1,0
805,7,1,1
805,4,1,0
805,1,1,0
805,2,1,0
805,3,1,0
805,6,1,0
806,3,1,0
806,7,1,0
806,6,1,0
806,2,1,0
807,1,1,0
807,6,1,0
808,3,1,0
808,1,1,0
808,7,1,0
808,2,1,0
808,6,1,0
808,4,1,0
808,5,1,0
809,5,1,0
809,4,1,0
809,3,1,0
810,1,1,0
810,6,1,0
810,2,1,0
810,3,1,0
811,7,1,0
811,2,1,0
811,1,1,0
811,6,1,0
811,5,1,0
812,4,1,0
812,7,1,0
812,2,1,0
813,1,1,0
813,4,1,0
813,6,1,0
813,5,1,0
814,4,1,0
814,3,1,0
814,5,1,0
814,1,1,0
814,6,1,0
815,6,1,0
816,5,1,0
816,1,1,0
816,6,1,0
816,3,1,0
816,7,1,0
816,4,1,0
817,7,1,0
817,2,1,0
817,4,1,0
817,1,1,1
817,5,1,0
817,6,1,0
817,3,1,0
818,7,1,0
819,4,1,0
819,5,1,0
819,7,1,0
819,6,1,1
819,1,1,0
820,6,1,0
820,2,1,0
820,4,1,0
820,5,1,0
821,4,1,0
822,6,1,0
823,5,1,0
823,2,1,0
824,1,1,0
824,2,1,0
824,3,1,0
824,5,1,0
825,4,1,0
825,7,1,0
825,3,1,0
825,6,1,1
825,5,1,0
825,1,1,0
825,2,1,0
826,2,1,0
826,3,1,0
827,6,1,0
827,2,1,0
827,4,1,0
827,1,1,0
827,3,1,0
827,5,1,0
827,7,1,0
828,6,1,0
828,4,1,0
829,4,1,0
829,3,1,0
829,6,1,0
829,7,1,0
830,1,1,0
830,3,1,0
830,4,1,1
831,1,1,0
831,3,1,0
832,4,1,0
832,2,1,0
832,1,1,0
832,6,1,1
832,5,1,0
832,7,1,0
833,1,1,0
833,6,1,0
833,3,1,0
833,2,1,0
834,5,1,0
834,2,1,0
834,7,1,0
834,4,1,0
834,1,1,0
835,6,1,0
835,3,1,0
835,4,1,0
835,2,1,0
836,5,1,0
836,6,1,0
836,7,1,0
836,4,1,0
836,1,1,0
836,3,1,0
837,1,1,0
837,5,1,0
837,4,1,0
838,7,1,0
838,4,1,0
838,6,1,0
838,2,1,0
838,5,1,0
839,2,1,0
839,7,1,0
839,6,1,0
839,4,1,0
839,3,1,0
839,5,1,0
840,2,1,0
840,1,1,0
840,6,1,0
840,7,1,1
840,3,1,0
841,2,1,0
841,7,1,0
841,5,1,0
841,1,1,0
841,3,1,0
841,4,1,0
841,6,1,0
842,6,1,0
842,2,1,0
843,3,1,0
843,7,1,0
843,4,1,0
843,1,1,0
843,2,1,0
843,5,1,0
844,5,1,0
844,6,1,0
844,3,1,0
845,4,1,0
845,6,1,0
845,2,1,1
845,7,1,1
845,1,1,0
845,5,1,0
846,3,1,0
846,4,1,0
846,2,1,0
846,5,1,0
846,1,1,0
846,7,1,0
846,6,1,0
847,5,1,0
847,3,1,0
847,7,1,1
847,2,1,0
847,4,1,0
847,1,1,0
847,6,1,0
848,2,1,0
849,5,1,0
849,1,1,0
849,3,1,0
849,2,1,0
849,4,1,0
849,7,1,0
850,2,1,0
850,6,1,0
850,5,1,0
850,4,1,0
850,1,1,0
851,5,1,0
851,7,1,0
852,5,1,0
852,6,1,1
852,2,1,0
852,1,1,0
853,6,1,0
853,5,1,0
853,1,1,0
853,2,1,0
853,4,1,0
854,6,1,0
854,7,1,0
854,1,1,0
854,5,1,0
855,4,1,0
855,7,1,0
855,5,1,0
855,3,1,0
855,1,1,1
855,6,1,0
856,5,1,0
856,3,1,1
856,4,1,1
856,7,1,0
856,1,1,0
856,2,1,0
857,1,1,0
857,4,1,0
857,6,1,0
857,5,1,0
857,2,1,0
857,3,1,0
857,7,1,0
858,5,1,0
858,4,1,0
858,3,1,0
858,6,1,0
858,2,1,0
858,7,1,0
858,1,1,0
859,4,1,0
859,6,1,0
859,5,1,0
859,3,1,0
859,1,1,0
859,2,1,0
860,5,1,1
860,3,1,0
860,2,1,0
860,7,1,0
860,4,1,0
860,1,1,0
860,6,1,1
861,4,1,0
861,1,1,0
861,7,1,0
861,2,1,0
862,7,1,0
862,1,1,0
862,6,1,0
862,3,1,0
862,4,1,0
862,5,1,0
862,2,1,0
863,1,1,0
863,4,1,0
863,5,1,0
863,6,1,0
863,7,1,1
863,3,1,0
864,4,1,0
864,6,1,0
864,3,1,0
864,2,1,1
864,5,1,0
864,1,1,0
864,7,1,0
865,7,1,1
865,2,1,0
865,6,1,0
865,3,1,0
865,4,1,0
866,7,1,0
866,3,1,0
866,2,1,0
866,5,1,0
866,1,1,0
866,4,1,0
866,6,1,0
867,7,1,0
867,1,1,0
867,4,1,0
867,3,1,1
868,5,1,1
868,3,1,0
868,1,1,0
868,7,1,0
868,6,1,0
868,4,1,0
869,5,1,0
869,3,1,0
870,2,1,0
870,4,1,1
870,7,1,1
870,6,1,0
870,3,1,0
870,5,1,0
871,4,1,0
871,5,1,0
871,6,1,0
871,2,1,1
871,3,1,1
871,7,1,0
872,2,1,0
872,5,1,0
872,3,1,0
872,4,1,0
872,1,1,1
873,1,1,1
873,7,1,0
873,6,1,0
873,2,1,1
873,5,1,0
874,7,1,0
875,4,1,0
876,7,1,0
876,5,1,0
876,6,1,0
876,1,1,0
876,3,1,0
876,2,1,1
876,4,1,0
877,5,1,1
877,4,1,1
877,1,1,1
877,6,1,0
877,7,1,0
877,2,1,0
878,1,1,0
878,2,1,0
878,4,1,0
878,3,1,0
878,7,1,0
878,6,1,0
879,3,1,0
879,4,1,1
880,4,1,0
881,2,1,0
881,3,1,0
881,4,1,1
881,5,1,0
881,7,1,0
881,6,1,0
881,1,1,0
882,5,1,0
882,2,1,0
882,7,1,0
883,3,1,0
883,7,1,0
883,2,1,0
883,4,1,0
884,6,1,1
884,4,1,0
885,3,1,0
885,4,1,0
885,5,1,0
885,7,1,0
885,6,1,0
885,1,1,0
886,2,1,0
886,7,1,0
886,5,1,0
887,2,1,0
887,5,1,0
887,1,1,0
887,6,1,0
887,7,1,0
887,3,1,0
887,4,1,0
888,2,1,0
888,1,1,0
888,7,1,0
888,4,1,0
888,3,1,0
888,5,1,0
889,7,1,0
889,4,1,0
890,6,1,0
890,7,1,0
890,1,1,0
890,2,1,0
891,1,1,0
891,6,1,0
891,3,1,0
892,2,1,0
892,1,1,0
892,7,1,0
893,4,1,0
893,1,1,1
893,3,1,0
893,5,1,0
893,6,1,0
894,5,1,0
894,2,1,0
894,3,1,0
894,1,1,0
894,4,1,0
895,1,1,0
895,2,1,0
895,7,1,0
895,3,1,0
895,5,1,0
895,6,1,0
895,4,1,0
896,7,1,0
896,1,1,0
896,6,1,0
897,3,1,0
897,7,1,0
897,1,1,0
897,6,1,0
897,2,1,0
897,4,1,0
897,5,1,0
898,6,1,0
898,7,1,0
898,1,1,0
899,3,1,0
899,4,1,1
899,1,1,0
899,6,1,0
900,2,1,0
901,7,1,0
902,7,1,0
902,6,1,0
902,3,1,1
903,3,1,0
903,7,1,0
903,6,1,0
903,2,1,0
903,5,1,0
903,1,1,0
904,7,1,0
905,7,1,0
905,1,1,0
905,4,1,0
905,2,1,0
905,6,1,0
905,3,1,1
905,5,1,0
906,4,1,0
906,2,1,0
906,3,1,0
906,1,1,0
907,3,1,0
908,3,1,0
908,4,1,0
908,1,1,0
908,5,1,0
908,7,1,0
909,1,1,0
909,4,1,0
909,3,1,0
909,5,1,0
909,6,1,0
910,4,1,0
910,1,1,0
911,4,1,0
911,2,1,0
912,5,1,0
912,3,1,0
912,6,1,0
912,1,1,1
912,2,1,0
913,5,1,0
913,3,1,1
913,6,1,0
913,2,1,0
913,7,1,0
913,4,1,0
914,4,1,0
914,5,1,0
914,2,1,0
914,6,1,0
914,3,1,0
915,7,1,0
915,2,1,0
915,1,1,1
915,6,1,0
915,3,1,0
915,4,1,0
915,5,1,0
916,1,1,0
916,2,1,0
916,6,1,0
916,7,1,0
917,3,1,0
917,6,1,0
917,2,1,0
918,6,1,1
918,4,1,0
918,7,1,0
918,1,1,1
918,2,1,0
918,3,1,0
918,5,1,0
919,5,1,0
919,3,1,0
919,4,1,0
919,6,1,0
919,2,1,0
920,5,1,0
920,2,1,1
920,7,1,1
920,4,1,0
920,3,1,0
920,6,1,0
920,1,1,0
921,5,1,0
922,6,1,0
922,2,1,1
922,5,1,0
922,1,1,0
922,4,1,0
923,6,1,0
923,7,1,0
923,4,1,0
923,1,1,0
923,2,1,0
924,5,1,0
924,3,1,0
924,2,1,0
924,7,1,0
924,6,1,0
924,1,1,0
925,4,1,0
925,2,1,0
925,3,1,0
925,1,1,0
926,5,1,0
927,2,1,0
927,3,1,0
927,1,1,0
927,4,1,0
927,6,1,0
928,2,1,0
928,6,1,0
928,4,1,0
928,3,1,0
928,1,1,0
929,5,1,0
929,7,1,0
929,6,1,0
930,2,1,0
930,5,1,0
930,4,1,0
930,7,1,1
931,2,1,0
931,1,1,0
931,5,1,0
931,7,1,0
931,4,1,0
932,5,1,0
932,1,1,0
932,3,1,0
932,7,1,0
932,2,1,0
932,6,1,0
932,4,1,0
933,6,1,0
933,4,1,0
933,7,1,0
933,1,1,0
933,3,1,0
933,2,1,0
934,1,1,0
934,6,1,0
934,4,1,0
934,3,1,0
934,2,1,0
934,7,1,1
935,3,1,1
935,6,1,0
936,6,1,0
936,5,1,0
936,2,1,1
936,3,1,0
937,2,1,1
937,6,1,0
938,2,1,0
938,4,1,0
938,6,1,0
938,5,1,0
938,1,1,0
938,3,1,0
939,7,1,0
939,2,1,0
939,4,1,0
940,5,1,0
940,1,1,0
940,4,1,0
940,2,1,0
941,7,1,0
941,5,1,0
941,1,1,0
941,4,1,0
942,4,1,0
943,1,1,0
943,3,1,0
943,5,1,0
943,2,1,0
943,6,1,0
944,6,1,0
945,4,1,0
945,5,1,0
945,7,1,0
946,7,1,0
946,2,1,0
946,6,1,0
947,4,1,0
947,7,1,0
947,2,1,0
947,6,1,0
947,3,1,0
947,1,1,0
948,4,1,0
948,7,1,0
948,1,1,0
948,6,1,0
948,2,1,0
948,3,1,0
948,5,1,0
949,6,1,0
949,2,1,0
949,4,1,0
949,7,1,0
949,3,1,0
949,1,1,0
949,5,1,0
950,5,1,1
950,6,1,0
950,3,1,0
950,4,1,0
951,5,1,0
951,3,1,0
952,2,1,1
952,1,1,0
952,6,1,0
952,4,1,0
953,6,1,0
953,5,1,0
953,2,1,0
954,6,1,0
954,7,1,0
954,1,1,0
954,2,1,0
954,3,1,0
954,4,1,0
954,5,1,0
955,2,1,0
955,1,1,0
955,4,1,0
955,5,1,0
956,6,1,0
956,7,1,0
956,1,1,0
956,2,1,1
956,4,1,0
957,4,1,0
958,1,1,0
958,2,1,0
958,3,1,0
958,6,1,1
958,4,1,0
959,7,1,0
959,3,1,0
959,4,1,0
959,5,1,0
959,1,1,1
959,6,1,0
959,2,1,1
960,1,1,0
960,4,1,0
960,5,1,0
960,7,1,0
960,3,1,0
960,6,1,0
960,2,1,0
961,6,1,0
961,2,1,0
961,1,1,0
961,3,1,1
962,4,1,1
962,1,1,0
962,2,1,0
963,7,1,0
964,4,1,0
964,7,1,0
964,1,1,0
964,3,1,1
965,3,1,0
965,5,1,0
965,4,1,1
966,4,1,1
966,7,1,0
966,3,1,0
966,5,1,0
967,7,1,0
967,4,1,0
967,1,1,0
967,6,1,0
968,3,1,0
968,5,1,0
968,1,1,0
968,4,1,0
968,7,1,0
968,6,1,0
968,2,1,0
969,7,1,0
969,1,1,0
969,2,1,0
969,4,1,0
969,3,1,0
970,7,1,0
970,1,1,1
970,5,1,0
970,4,1,0
970,3,1,0
970,2,1,0
970,6,1,0
971,2,1,1
972,6,1,0
972,2,1,0
972,3,1,0
972,1,1,0
973,5,1,0
973,2,1,0
973,6,1,0
973,1,1,0
974,5,1,0
974,4,1,0
975,1,1,0
976,6,1,0
976,2,1,0
976,5,1,0
976,4,1,1
976,7,1,0
977,3,1,1
977,1,1,0
978,7,1,0
978,6,1,0
978,5,1,1
978,1,1,0
978,2,1,0
979,7,1,0
979,5,1,0
979,6,1,0
979,1,1,0
980,5,1,0
980,6,1,0
980,7,1,0
981,2,1,0
981,1,1,0
982,6,1,0
982,7,1,0
982,4,1,0
982,1,1,1
982,2,1,0
982,3,1,0
983,7,1,0
983,2,1,0
983,6,1,0
983,1,1,0
983,5,1,0
984,4,1,1
984,7,1,0
984,3,1,0
984,6,1,0
984,2,1,0
984,5,1,0
985,6,1,0
985,1,1,0
985,7,1,0
986,4,1,0
987,2,1,0
987,4,1,0
987,5,1,0
987,1,1,0
987,6,1,0
987,3,1,0
987,7,1,0
988,6,1,0
988,2,1,0
988,4,1,1
989,4,1,0
989,3,1,0
989,2,1,0
989,6,1,0
990,4,1,0
990,7,1,0
990,3,1,1
990,6,1,0
990,5,1,0
990,1,1,0
991,6,1,0
992,7,1,0
992,3,1,1
992,2,1,0
992,1,1,1
992,6,1,0
993,4,1,0
993,2,1,0
994,1,1,0
994,4,1,0
994,5,1,0
995,1,1,0
995,6,1,0
995,4,1,0
995,2,1,0
995,7,1,0
995,3,1,0
996,2,1,0
996,1,1,1
996,4,1,1
997,5,1,0
997,3,1,1
998,1,1,0
999,2,1,0
999,3,1,0
1000,3,1,0
1000,6,1,0
1000,4,1,0
